model,nParameters,r,mse
Belief Alignment,10,0.8077493519784875,0.00710396486931349
State Communication,10,0.5567731109218047,0.014076203914909014
Literal Speaker,10,0.7615812589834396,0.008594153824738842
mReasoner (group),4,0.7141918980328863,0.04090476822917702
mReasoner (individual),556,0.8217482490658777,0.016869604110723222
Probability Heuristics (group),5,0.7671751826161942,0.048042284936363075
Probability Heuristics (individual),695,0.8334957871150426,0.020022813484368535
